Changes made at Thu Nov 20 10:23:24 UTC 2025
Changes made at Thu Nov 20 12:27:17 UTC 2025
Changes made at Thu Nov 20 14:20:56 UTC 2025
Changes made at Thu Nov 20 16:27:44 UTC 2025
Changes made at Fri Nov 21 08:29:41 UTC 2025
Changes made at Fri Nov 21 10:22:18 UTC 2025
Changes made at Fri Nov 21 14:20:12 UTC 2025
Changes made at Fri Nov 21 16:26:32 UTC 2025
Changes made at Sat Nov 22 08:25:47 UTC 2025
Changes made at Sat Nov 22 10:20:01 UTC 2025
Changes made at Sat Nov 22 14:17:22 UTC 2025
Changes made at Sat Nov 22 16:23:44 UTC 2025
Changes made at Sun Nov 23 08:26:00 UTC 2025
